3_1,"[[[0, -2], [-2, -1]]]"
6_1,"[[[-6, 2], [2, -2]]]"
7_4,"[[[-10, 2], [2, -4]]]"
7_7,"[[[-12, 6], [6, -3]]]"
8_5,"[[[4, -4], [-4, 0]]]"
8_10,"[[[2, 0], [0, 1]]]"
8_11,"[[[-16, 6], [6, -5]]]"
8_15,"[[[0, -4], [-4, -2]]]"
8_18,"[[[-4, 2], [2, -1]], [[4, -2], [-2, 1]], [[4, -2], [-2, 1]], [[-4, 2], [2, -1]]]"
8_19,"[[[0, -4], [-4, -2]]]"
8_20,"[[[2, 0], [0, 1]]]"
8_21,"[[[4, -4], [-4, 0]]]"
9_1,"[[[2, -6], [-6, -2]]]"
9_2,"[[[-2, -2], [-2, -2]]]"
9_4,"[[[-4, -2], [-2, -3]]]"
9_6,"[[[4, -6], [-6, -1]]]"
9_10,"[[[-20, 6], [6, -7]]]"
9_11,"[[[-8, 6], [6, -1]]]"
9_15,"[[[-8, 6], [6, -1]]]"
9_16,"[[[0, -4], [-4, -2]]]"
9_17,"[[[-22, 10], [10, -6]]]"
9_23,"[[[4, -6], [-6, -1]]]"
9_24,"[[[-2, 0], [0, -1]]]"
9_28,"[[[4, -4], [-4, 0]]]"
9_29,"[[[-20, 10], [10, -5]]]"
9_34,"[[[28/5, -14/5], [-14/5, 7/5]]]"
9_35,"[[[-22/3, 2/3], [2/3, -10/3]], [[-22/3, 2/3], [2/3, -10/3]], [['x', 'x'], ['x', 'x']], [[-22/3, 2/3], [2/3, -10/3]]]"
9_37,"[[[-20/3, 10/3], [10/3, -5/3]], [['x', 'x'], ['x', 'x']], [[-20/3, 10/3], [10/3, -5/3]], [[-28/3, 14/3], [14/3, -7/3]]]"
9_38,"[[[20, -14], [-14, 3]]]"
9_40,"[[[4, -4], [-4, 0]]]"
9_46,"[[[10/3, -2/3], [-2/3, 4/3]], [['x', 'x'], ['x', 'x']], [[10/3, -2/3], [-2/3, 4/3]], [[2/3, 2/3], [2/3, 2/3]]]"
9_47,"[[[-8/3, -2/3], [-2/3, -5/3]], [[-16/3, 2/3], [2/3, -7/3]], [[-8/3, -2/3], [-2/3, -5/3]], [[-8/3, -2/3], [-2/3, -5/3]]]"
9_48,"[[[-14/3, 10/3], [10/3, -2/3]], [[-14/3, 10/3], [10/3, -2/3]], [[-14/3, 10/3], [10/3, -2/3]], [['x', 'x'], ['x', 'x']]]"
10_4,"[[[-4, 2], [2, -1]]]"
10_5,"[[[0, 2], [2, 1]]]"
10_9,"[[[2, -2], [-2, 0]]]"
10_10,"[[[6, -2], [-2, 2]]]"
10_14,"[[[-10, 2], [2, -4]]]"
10_19,"[[[10, -6], [-6, 2]]]"
10_21,"[[[-26, 10], [10, -8]]]"
10_29,"[[[-6, 2], [2, -2]]]"
10_31,"[[[12, -6], [-6, 3]]]"
10_32,"[[[2, -2], [-2, 0]]]"
10_36,"[[[-8, 2], [2, -3]]]"
10_40,"[[[-2, 2], [2, 0]]]"
10_42,"[[[-4, 2], [2, -1]]]"
10_59,"[[[2, -2], [-2, 0]]]"
10_61,"[[[4, -4], [-4, 0]]]"
10_62,"[[[4, 0], [0, 2]]]"
10_63,"[[[0, -4], [-4, -2]]]"
10_64,"[[[6, -4], [-4, 1]]]"
10_65,"[[[2, 0], [0, 1]]]"
10_66,"[[[-2, -4], [-4, -3]]]"
10_67,"[[[-48/5, 14/5], [14/5, -17/5]]]"
10_68,"[[[22/5, -6/5], [-6/5, 8/5]]]"
10_69,"[[[-32/5, 26/5], [26/5, -3/5]]]"
10_74,"[[[-32/3, 10/3], [10/3, -11/3]], [[-40/3, 14/3], [14/3, -13/3]], [['x', 'x'], ['x', 'x']], [[-40/3, 14/3], [14/3, -13/3]]]"
10_75,"[[[-38/3, 22/3], [22/3, -8/3]], [[-38/3, 22/3], [22/3, -8/3]], [[-38/3, 22/3], [22/3, -8/3]], [['x', 'x'], ['x', 'x']]]"
10_76,"[[[2, -4], [-4, -1]]]"
10_77,"[[[2, 0], [0, 1]]]"
10_78,"[[[2, -4], [-4, -1]]]"
10_82,"[[[-2, 0], [0, -1]]]"
10_84,"[[[4, -4], [-4, 0]]]"
10_85,"[[[-4, 4], [4, 0]]]"
10_87,"[[[-2, 0], [0, -1]]]"
10_89,"[[[-24, 14], [14, -5]]]"
10_96,"[[[-42, 22], [22, -10]]]"
10_97,"[[[-40, 18], [18, -11]]]"
10_98,"[[[6, -6], [-6, 0]], [[2, -4], [-4, -1]], [[2, -4], [-4, -1]], [[2, -4], [-4, -1]]]"
10_99,"[[[0, 0], [0, 0]], [[0, 0], [0, 0]], [[0, 0], [0, 0]], [[0, 0], [0, 0]]]"
10_103,"[[[-2, 2], [2, 0]]]"
10_106,"[[[2, -2], [-2, 0]]]"
10_107,"[[[12, -6], [-6, 3]]]"
10_108,"[[[-6, 2], [2, -2]]]"
10_112,"[[[6, -2], [-2, 2]]]"
10_113,"[[[24/7, -26/7], [-26/7, -1/7]]]"
10_114,"[[[4, -2], [-2, 1]]]"
10_120,"[[[2, -5], [-5, -3/2]]]"
10_122,"[[[-44/5, 22/5], [22/5, -11/5]]]"
10_136,"[[[-20, 10], [10, -5]]]"
10_139,"[[[-2, -4], [-4, -3]]]"
10_140,"[[[-4, 0], [0, -2]]]"
10_141,"[[[6, -4], [-4, 1]]]"
10_142,"[[[-2, -4], [-4, -3]]]"
10_143,"[[[4, 0], [0, 2]]]"
10_144,"[[[4, -4], [-4, 0]]]"
10_145,"[[[18/5, 6/5], [6/5, 12/5]]]"
10_146,"[[[28/5, -14/5], [-14/5, 7/5]]]"
10_147,"[[[2/5, -6/5], [-6/5, -2/5]]]"
10_158,"[[[-6, 2], [2, -2]]]"
10_159,"[[[0, -2], [-2, -1]]]"
10_160,"[[[-10, 2], [2, -4]]]"
10_163,"[[[0, -2], [-2, -1]]]"
10_164,"[[[4, -2], [-2, 1]]]"
10_165,"[[[-8, 6], [6, -1]]]"
11a_6,"[[[-14, 6], [6, -4]]]"
11a_8,"[[[6, -2], [-2, 2]]]"
11a_16,"[[[8, -4], [-4, 2]]]"
11a_17,"[[[4, -4], [-4, 0]]]"
11a_21,"[[[-6, 0], [0, -3]]]"
11a_37,"[[[-2, 0], [0, -1]]]"
11a_38,"[[[52/7, -26/7], [-26/7, 13/7]]]"
11a_43,"[[[-2, -4], [-4, -3]], [[2, -6], [-6, -2]], [[-2, -4], [-4, -3]], [[-2, -4], [-4, -3]]]"
11a_44,"[[[-2, 0], [0, -1]], [[2, -2], [-2, 0]], [[6, -4], [-4, 1]], [[-2, 0], [0, -1]]]"
11a_45,"[[[4, -4], [-4, 0]]]"
11a_46,"[[[6, -4], [-4, 1]]]"
11a_47,"[[[6, -4], [-4, 1]], [[-2, 0], [0, -1]], [[-2, 0], [0, -1]], [[2, -2], [-2, 0]]]"
11a_49,"[[[-6, 0], [0, -3]]]"
11a_57,"[[[-4, 2], [2, -1]], [[-8, 4], [4, -2]], [[0, 0], [0, 0]], [[0, 0], [0, 0]]]"
11a_58,"[[[0, 0], [0, 0]]]"
11a_63,"[[[2, 2], [2, 2]]]"
11a_69,"[[[-28, 14], [14, -7]]]"
11a_71,"[[[4, -4], [-4, 0]]]"
11a_72,"[[[-2, 0], [0, -1]]]"
11a_73,"[[[-4, 2], [2, -1]]]"
11a_78,"[[[-78/5, 34/5], [34/5, -22/5]]]"
11a_90,"[[[-10, 6], [6, -2]]]"
11a_91,"[[[-12, 6], [6, -3]]]"
11a_93,"[[[-18, 10], [10, -4]]]"
11a_99,"[[[-6, 2], [2, -2]]]"
11a_100,"[[[2, -4], [-4, -1]]]"
11a_102,"[[[-54/5, 22/5], [22/5, -16/5]]]"
11a_103,"[[[-50/7, 18/7], [18/7, -16/7]]]"
11a_106,"[[[6, -4], [-4, 1]]]"
11a_107,"[[[6, -4], [-4, 1]]]"
11a_108,"[[[0, 0], [0, 0]]]"
11a_109,"[[[-2, 0], [0, -1]]]"
11a_117,"[[[6, -6], [-6, 0]]]"
11a_118,"[[[-2, 0], [0, -1]]]"
11a_123,"[[[20/3, -22/3], [-22/3, -1/3]], [['x', 'x'], ['x', 'x']], [[20/3, -22/3], [-22/3, -1/3]], [[-68/3, 22/3], [22/3, -23/3]]]"
11a_128,"[[[-76/7, 38/7], [38/7, -19/7]]]"
11a_130,"[[[-4, 4], [4, 0]]]"
11a_132,"[[[58, -30], [-30, 14]]]"
11a_134,"[[[4, -4], [-4, 0]]]"
11a_135,"[[[-20/3, 10/3], [10/3, -5/3]], [[-28/3, 14/3], [14/3, -7/3]], [[76/9, -38/9], [-38/9, 19/9]], [[-20/3, 10/3], [10/3, -5/3]]]"
11a_137,"[[[-14, 8], [8, -3]]]"
11a_139,"[[[-4, 0], [0, -2]]]"
11a_146,"[[[-18, 10], [10, -4]]]"
11a_152,"[[[2, 0], [0, 1]]]"
11a_155,"[[['x', 'x'], ['x', 'x']], [[-8/3, 10/3], [10/3, 1/3]], [[-16/3, 14/3], [14/3, -1/3]], [['x', 'x'], ['x', 'x']]]"
11a_157,"[[[2, 0], [0, 1]]]"
11a_159,"[[[8, -6], [-6, 1]]]"
11a_161,"[[[-4, 4], [4, 0]]]"
11a_165,"[[[-2, 0], [0, -1]]]"
11a_171,"[[[0, -2], [-2, -1]]]"
11a_173,"[[[-74/3, 34/3], [34/3, -20/3]], [[22/3, -14/3], [-14/3, 4/3]], [['x', 'x'], ['x', 'x']], [[22/3, -14/3], [-14/3, 4/3]]]"
11a_175,"[[[2, -2], [-2, 0]]]"
11a_176,"[[[0, -2], [-2, -1]]]"
11a_178,"[[[-8, 2], [2, -3]]]"
11a_179,"[[[-32, 14], [14, -9]]]"
11a_181,"[[[-50/3, 22/3], [22/3, -14/3]], [[-58/3, 26/3], [26/3, -16/3]], [[-50/3, 22/3], [22/3, -14/3]], [['x', 'x'], ['x', 'x']]]"
11a_184,"[[[-18, 10], [10, -4]]]"
11a_187,"[[[52/5, -26/5], [-26/5, 13/5]]]"
11a_194,"[[[-2, 4], [4, 1]]]"
11a_196,"[[[0, 2], [2, 1]]]"
11a_199,"[[[-30/7, 22/7], [22/7, -4/7]]]"
11a_201,"[[[-36/5, 18/5], [18/5, -9/5]]]"
11a_202,"[[[-82/7, 34/7], [34/7, -24/7]]]"
11a_203,"[[[4, -6], [-6, -1]]]"
11a_208,"[[[-6, 6], [6, 0]]]"
11a_209,"[[[16, -8], [-8, 4]]]"
11a_212,"[[[6, -6], [-6, 0]]]"
11a_214,"[[[-54/5, 22/5], [22/5, -16/5]]]"
11a_216,"[[[0, -2], [-2, -1]]]"
11a_219,"[[[48/7, -10/7], [-10/7, 19/7]]]"
11a_223,"[[[0, -4], [-4, -2]]]"
11a_230,"[[[-2, -2], [-2, -2]]]"
11a_231,"[[[0, 0], [0, 0]], [[-8, 4], [4, -2]], [[0, 0], [0, 0]], [[-4, 2], [2, -1]]]"
11a_232,"[[[-8, 4], [4, -2]]]"
11a_236,"[[[2, -6], [-6, -2]]]"
11a_237,"[[[-68/5, 14/5], [14/5, -27/5]]]"
11a_239,"[[[-112/11, 34/11], [34/11, -39/11]]]"
11a_243,"[[[-12, 2], [2, -5]]]"
11a_244,"[[[-2, -4], [-4, -3]]]"
11a_245,"[[[-2, -4], [-4, -3]]]"
11a_248,"[[[90/11, -34/11], [-34/11, 28/11]]]"
11a_249,"[[[10/3, -2/3], [-2/3, 4/3]], [[62/9, -22/9], [-22/9, 20/9]], [[2/3, 2/3], [2/3, 2/3]], [[10/3, -2/3], [-2/3, 4/3]]]"
11a_258,"[[[8, -4], [-4, 2]]]"
11a_260,"[[[-6, 0], [0, -3]]]"
11a_261,"[[[-4, 4], [4, 0]]]"
11a_263,"[[[-4, -4], [-4, -4]], [[0, -6], [-6, -3]], [[-4, -4], [-4, -4]], [[-4, -4], [-4, -4]]]"
11a_264,"[[[-4, 0], [0, -2]]]"
11a_271,"[[[-16, 6], [6, -5]]]"
11a_273,"[[[-4, 4], [4, 0]]]"
11a_274,"[[[-12, 6], [6, -3]]]"
11a_275,"[[[-2, -2], [-2, -2]]]"
11a_277,"[[['x', 'x'], ['x', 'x']], [[-16/3, 2/3], [2/3, -7/3]], [[-88/9, 26/9], [26/9, -31/9]], [['x', 'x'], ['x', 'x']]]"
11a_278,"[[[-82/11, 30/11], [30/11, -26/11]]]"
11a_280,"[[[16, -8], [-8, 4]]]"
11a_283,"[[[0, 2], [2, 1]]]"
11a_286,"[[[2, -2], [-2, 0]]]"
11a_290,"[[[-2, 2], [2, 0]]]"
11a_291,"[[[14/3, -22/3], [-22/3, -4/3]], [['x', 'x'], ['x', 'x']], [[14/3, -22/3], [-22/3, -4/3]], [[22/3, -26/3], [-26/3, -2/3]]]"
11a_292,"[[[52, -30], [-30, 11]]]"
11a_293,"[[[-22/3, 14/3], [14/3, -4/3]], [[-22/3, 14/3], [14/3, -4/3]], [[-22/3, 14/3], [14/3, -4/3]], [['x', 'x'], ['x', 'x']]]"
11a_294,"[[[-50, 26], [26, -12]]]"
11a_296,"[[[-40, 22], [22, -9]]]"
11a_300,"[[[4, -2], [-2, 1]]]"
11a_304,"[[[14, -10], [-10, 2]]]"
11a_305,"[[[0, 0], [0, 0]]]"
11a_306,"[[[0, 2], [2, 1]]]"
11a_309,"[[[-10, 2], [2, -4]]]"
11a_314,"[[['x', 'x'], ['x', 'x']], [[-8/3, -2/3], [-2/3, -5/3]], [[-88/9, 26/9], [26/9, -31/9]], [[-8/3, -2/3], [-2/3, -5/3]]]"
11a_318,"[[[2, -6], [-6, -2]]]"
11a_324,"[[[-20, 12], [12, -4]]]"
11a_332,"[[[-6, 2], [2, -2]], [[-6, 2], [2, -2]], [[6, -4], [-4, 1]], [[-2, 0], [0, -1]]]"
11a_335,"[[[-14, 2], [2, -6]]]"
11a_338,"[[[-2, -4], [-4, -3]]]"
11a_340,"[[[-2, -4], [-4, -3]]]"
11a_344,"[[[-10, 2], [2, -4]]]"
11a_346,"[[[8/5, -14/5], [-14/5, -3/5]]]"
11a_347,"[[[-54, 26], [26, -14]]]"
11a_351,"[[[6, -4], [-4, 1]]]"
11a_352,"[[[6, -4], [-4, 1]], [[10, -6], [-6, 2]], [[10, -6], [-6, 2]], [[2, -2], [-2, 0]]]"
11a_353,"[[[18/5, -34/5], [-34/5, -8/5]]]"
11a_354,"[[[-52, 22], [22, -15]]]"
11a_355,"[[[2, -6], [-6, -2]]]"
11a_360,"[[[-4, -2], [-2, -3]]]"
11a_361,"[[[-68/7, 6/7], [6/7, -31/7]]]"
11a_362,"[[[-44/5, 2/5], [2/5, -21/5]]]"
11a_365,"[[[-30, 10], [10, -10]]]"
11a_366,"[[[-52/3, 14/3], [14/3, -19/3]], [[-52/3, 14/3], [14/3, -19/3]], [['x', 'x'], ['x', 'x']], [[-52/3, 14/3], [14/3, -19/3]]]"
11n_1,"[[[-14, 10], [10, -2]]]"
11n_2,"[[[-2, -2], [-2, -2]]]"
11n_13,"[[[-4, -2], [-2, -3]]]"
11n_14,"[[[-12, 10], [10, -1]]]"
11n_18,"[[[-22, 10], [10, -6]]]"
11n_28,"[[[-2, 0], [0, -1]]]"
11n_29,"[[[4, -4], [-4, 0]]]"
11n_30,"[[[-6, 0], [0, -3]]]"
11n_31,"[[[-6, 0], [0, -3]]]"
11n_32,"[[[8, -4], [-4, 2]]]"
11n_33,"[[[-2, 0], [0, -1]]]"
11n_38,"[[[8, -4], [-4, 2]]]"
11n_62,"[[[8, -4], [-4, 2]]]"
11n_63,"[[[-6, 0], [0, -3]]]"
11n_64,"[[[4, -4], [-4, 0]]]"
11n_65,"[[[10/7, 2/7], [2/7, 6/7]]]"
11n_66,"[[[24/7, -26/7], [-26/7, -1/7]]]"
11n_67,"[[[-18/7, 2/7], [2/7, -8/7]]]"
11n_68,"[[[24, -14], [-14, 5]]]"
11n_69,"[[[14, -10], [-10, 2]]]"
11n_71,"[[[2, -4], [-4, -1]], [[-6, 0], [0, -3]], [[-6, 0], [0, -3]], [[-2, -2], [-2, -2]]]"
11n_72,"[[[0, -4], [-4, -2]], [[4, -6], [-6, -1]], [[0, -4], [-4, -2]], [[0, -4], [-4, -2]]]"
11n_73,"[[[-2, 0], [0, -1]], [[2, -2], [-2, 0]], [[-2, 0], [0, -1]], [[6, -4], [-4, 1]]]"
11n_74,"[[[4, -2], [-2, 1]], [[0, 0], [0, 0]], [[0, 0], [0, 0]], [[8, -4], [-4, 2]]]"
11n_75,"[[[4, 0], [0, 2]], [[0, 2], [2, 1]], [[-4, 4], [4, 0]], [[4, 0], [0, 2]]]"
11n_76,"[[[4, 0], [0, 2]], [[4, 0], [0, 2]], [[-4, 4], [4, 0]], [[0, 2], [2, 1]]]"
11n_77,"[[[-4, -4], [-4, -4]], [[0, -6], [-6, -3]], [[-4, -4], [-4, -4]], [[-4, -4], [-4, -4]]]"
11n_78,"[[[-6, 0], [0, -3]], [[-2, -2], [-2, -2]], [[-6, 0], [0, -3]], [[2, -4], [-4, -1]]]"
11n_79,"[[[-2, 0], [0, -1]]]"
11n_80,"[[[-4, 4], [4, 0]]]"
11n_81,"[[[4, -6], [-6, -1]], [[0, -4], [-4, -2]], [[0, -4], [-4, -2]], [[0, -4], [-4, -2]]]"
11n_85,"[[[-2, 0], [0, -1]]]"
11n_86,"[[[2, -2], [-2, 0]]]"
11n_87,"[[[-4, 4], [4, 0]]]"
11n_92,"[[[-12, 6], [6, -3]]]"
11n_94,"[[[-6, 2], [2, -2]]]"
11n_95,"[[[-28/5, -6/5], [-6/5, -17/5]]]"
11n_97,"[[[4/5, -2/5], [-2/5, 1/5]]]"
11n_98,"[[[-44/5, 22/5], [22/5, -11/5]]]"
11n_99,"[[[24/5, -2/5], [-2/5, 11/5]]]"
11n_100,"[[[-34/7, 10/7], [10/7, -12/7]]]"
11n_101,"[[[-22/7, 18/7], [18/7, -2/7]]]"
11n_102,"[[[8/7, 10/7], [10/7, 9/7]]]"
11n_104,"[[[0, -4], [-4, -2]]]"
11n_105,"[[[0, -4], [-4, -2]]]"
11n_106,"[[[0, 0], [0, 0]]]"
11n_107,"[[[2, -4], [-4, -1]]]"
11n_109,"[[[2, 2], [2, 2]]]"
11n_118,"[[[-4, -2], [-2, -3]]]"
11n_119,"[[[-10, 5], [5, -5/2]]]"
11n_121,"[[[-10, 8], [8, -1]]]"
11n_122,"[[[40/7, -6/7], [-6/7, 17/7]]]"
11n_123,"[[[-42, 22], [22, -10]]]"
11n_125,"[[[-16, 6], [6, -5]]]"
11n_126,"[[['x', 'x'], ['x', 'x']], [['x', 'x'], ['x', 'x']], [['x', 'x'], ['x', 'x']], [[14/3, -22/3], [-22/3, -4/3]]]"
11n_136,"[[[2, -6], [-6, -2]]]"
11n_137,"[[[-16/7, 22/7], [22/7, 3/7]]]"
11n_138,"[[[-12/7, 6/7], [6/7, -3/7]]]"
11n_139,"[[[-24/5, 2/5], [2/5, -11/5]]]"
11n_140,"[[[-16/5, 18/5], [18/5, 1/5]]]"
11n_141,"[[[6/5, 2/5], [2/5, 4/5]]]"
11n_142,"[[[-22, 12], [12, -5]]]"
11n_143,"[[[2/5, -6/5], [-6/5, -2/5]]]"
11n_145,"[[[-6, 2], [2, -2]]]"
11n_146,"[[[-8, 1], [1, -7/2]]]"
11n_148,"[[[-24/7, -2/7], [-2/7, -13/7]]]"
11n_149,"[[[-34/5, 2/5], [2/5, -16/5]]]"
11n_150,"[[[-8/7, -10/7], [-10/7, -9/7]]]"
11n_153,"[[[-2/7, -6/7], [-6/7, -4/7]]]"
11n_155,"[[[-6/5, -2/5], [-2/5, -4/5]]]"
11n_158,"[[[-54/7, 6/7], [6/7, -24/7]]]"
11n_161,"[[[-24/5, 2/5], [2/5, -11/5]]]"
11n_164,"[[[6, -6], [-6, 0]], [[2, -4], [-4, -1]], [[6, -6], [-6, 0]], [[-2, -2], [-2, -2]]]"
11n_167,"[[[16/3, -14/3], [-14/3, 1/3]], [['x', 'x'], ['x', 'x']], [[8/3, -10/3], [-10/3, -1/3]], [['x', 'x'], ['x', 'x']]]"
11n_168,"[[[22/7, -18/7], [-18/7, 2/7]]]"
11n_170,"[[[20, -8], [-8, 6]]]"
11n_173,"[[[-8, 1], [1, -7/2]]]"
11n_176,"[[[40/7, -6/7], [-6/7, 17/7]]]"
11n_181,"[[[0, -4], [-4, -2]]]"
11n_182,"[[[-12/7, 6/7], [6/7, -3/7]]]"
11n_183,"[[[-2, -4], [-4, -3]]]"
11n_184,"[[[2, -4], [-4, -1]]]"
11n_185,"[[[0, -4], [-4, -2]]]"
12a_1,"[[[-14, 8], [8, -3]]]"
12a_2,"[[[-8, 4], [4, -2]]]"
12a_10,"[[[-12, 4], [4, -4]]]"
12a_11,"[[[-10, 8], [8, -1]]]"
12a_16,"[[[12, -6], [-6, 3]]]"
12a_23,"[[[-84/11, 42/11], [42/11, -21/11]]]"
12a_29,"[[[-4, 4], [4, 0]]]"
12a_30,"[[[2, 0], [0, 1]]]"
12a_33,"[[[2, 0], [0, 1]]]"
12a_35,"[[[-18, 6], [6, -6]]]"
12a_36,"[[[0, -4], [-4, -2]]]"
12a_48,"[[[-8, 4], [4, -2]]]"
12a_49,"[[[104, -50], [-50, 27]]]"
12a_51,"[[[8, -4], [-4, 2]]]"
12a_57,"[[[8, -4], [-4, 2]]]"
12a_60,"[[[-8, 4], [4, -2]]]"
12a_62,"[[[-2, 0], [0, -1]]]"
12a_66,"[[[106, -54], [-54, 26]]]"
12a_67,"[[[-14, 8], [8, -3]]]"
12a_71,"[[[-6, 2], [2, -2]]]"
12a_74,"[[[-8, 6], [6, -1]]]"
12a_77,"[[[-8, 4], [4, -2]]]"
12a_79,"[[[94/7, -54/7], [-54/7, 20/7]]]"
12a_81,"[[[4, -4], [-4, 0]]]"
12a_86,"[[[12, -4], [-4, 4]]]"
12a_88,"[[[-208/19, 66/19], [66/19, -71/19]]]"
12a_95,"[[[10, -8], [-8, 1]]]"
12a_97,"[[[-10, 0], [0, -5]]]"
12a_100,"[[[8, -4], [-4, 2]]]"
12a_103,"[[[-184/13, 66/13], [66/13, -59/13]]]"
12a_113,"[[[4, -4], [-4, 0]]]"
12a_114,"[[[0, -4], [-4, -2]]]"
12a_116,"[[[2, 0], [0, 1]]]"
12a_117,"[[[0, -4], [-4, -2]]]"
12a_119,"[[[2, -4], [-4, -1]], [[2, -4], [-4, -1]], [[2, -4], [-4, -1]], [[6, -6], [-6, 0]]]"
12a_121,"[[[8, -4], [-4, 2]]]"
12a_122,"[[[2, 0], [0, 1]]]"
12a_127,"[[[-4, 0], [0, -2]]]"
12a_130,"[[[-6, 2], [2, -2]]]"
12a_136,"[[[-14, 8], [8, -3]]]"
12a_150,"[[[80/7, -26/7], [-26/7, 27/7]]]"
12a_151,"[[[-6, 0], [0, -3]]]"
12a_155,"[[[24/13, -38/13], [-38/13, -7/13]]]"
12a_156,"[[[-158/13, 14/13], [14/13, -72/13]]]"
12a_157,"[[[-2, 0], [0, -1]]]"
12a_163,"[[[10, -8], [-8, 1]]]"
12a_164,"[[[4, -4], [-4, 0]], [[-4, 0], [0, -2]], [[-4, 0], [0, -2]], [[0, -2], [-2, -1]]]"
12a_165,"[[[2, -4], [-4, -1]]]"
12a_166,"[[[0, -2], [-2, -1]], [[4, -4], [-4, 0]], [[-4, 0], [0, -2]], [[-4, 0], [0, -2]]]"
12a_167,"[[[4, 0], [0, 2]], [[0, 2], [2, 1]], [[-4, 4], [4, 0]], [[4, 0], [0, 2]]]"
12a_168,"[[[4, 0], [0, 2]]]"
12a_172,"[[[8, -2], [-2, 3]]]"
12a_175,"[[[-10, 6], [6, -2]]]"
12a_177,"[[[94/9, -38/9], [-38/9, 28/9]], [['x', 'x'], ['x', 'x']], [[-14/3, 10/3], [10/3, -2/3]], [[-22/3, 14/3], [14/3, -4/3]]]"
12a_179,"[[[-6, 2], [2, -2]]]"
12a_181,"[[[-12, 6], [6, -3]]]"
12a_182,"[[[2, 0], [0, 1]]]"
12a_189,"[[[-34, 18], [18, -8]]]"
12a_193,"[[[-8, 6], [6, -1]]]"
12a_195,"[[[-4, 4], [4, 0]]]"
12a_197,"[[[-2, 2], [2, 0]]]"
12a_203,"[[[-14, 8], [8, -3]]]"
12a_206,"[[[-18, 6], [6, -6]]]"
12a_207,"[[[-84/5, 42/5], [42/5, -21/5]]]"
12a_208,"[[[-92/7, 46/7], [46/7, -23/7]]]"
12a_209,"[[[-108/19, 54/19], [54/19, -27/19]]]"
12a_210,"[[[6, -6], [-6, 0]]]"
12a_212,"[[[2, -2], [-2, 0]]]"
12a_215,"[[[-16, 10], [10, -3]]]"
12a_223,"[[[10, -4], [-4, 3]]]"
12a_224,"[[[-2, 0], [0, -1]]]"
12a_229,"[[[-124/13, 62/13], [62/13, -31/13]]]"
12a_231,"[[[78/5, -54/5], [-54/5, 12/5]]]"
12a_233,"[[[-8, 4], [4, -2]]]"
12a_234,"[[[2, -2], [-2, 0]]]"
12a_236,"[[[4, -6], [-6, -1]]]"
12a_239,"[[[-2, -2], [-2, -2]]]"
12a_244,"[[[-8/3, 10/3], [10/3, 1/3]], [['x', 'x'], ['x', 'x']], [[-104/3, 58/3], [58/3, -23/3]], [[-8/3, 10/3], [10/3, 1/3]]]"
12a_245,"[[[-10/3, 2/3], [2/3, -4/3]], [[-10/3, 2/3], [2/3, -4/3]], [[-98/3, 46/3], [46/3, -26/3]], [['x', 'x'], ['x', 'x']]]"
12a_246,"[[[-12, 4], [4, -4]]]"
12a_251,"[[[-8, 2], [2, -3]]]"
12a_256,"[[[32, -18], [-18, 7]]]"
12a_260,"[[[68/5, -34/5], [-34/5, 17/5]]]"
12a_265,"[[[-28/3, 14/3], [14/3, -7/3]], [[-20/3, 10/3], [10/3, -5/3]], [[-124/21, 62/21], [62/21, -31/21]], [[-28/3, 14/3], [14/3, -7/3]]]"
12a_269,"[[[-134/11, 34/11], [34/11, -50/11]]]"
12a_270,"[[[-98/9, 22/9], [22/9, -38/9]], [[-14/3, -2/3], [-2/3, -8/3]], [[-22/3, 2/3], [2/3, -10/3]], [['x', 'x'], ['x', 'x']]]"
12a_280,"[[[4, -4], [-4, 0]]]"
12a_281,"[[[2, -4], [-4, -1]]]"
12a_287,"[[[-20, 12], [12, -4]]]"
12a_288,"[[[-96/13, 74/13], [74/13, -11/13]]]"
12a_290,"[[[-4, 0], [0, -2]]]"
12a_291,"[[[-2, 0], [0, -1]]]"
12a_292,"[[[-2, 2], [2, 0]]]"
12a_295,"[[[2, -6], [-6, -2]], [[2, -6], [-6, -2]], [[-2, -4], [-4, -3]], [[6, -8], [-8, -1]]]"
12a_296,"[[[28, -16], [-16, 6]]]"
12a_297,"[[[-4, 4], [4, 0]], [[-8, 6], [6, -1]], [[4, 0], [0, 2]], [[0, 2], [2, 1]]]"
12a_298,"[[[-2, 2], [2, 0]], [[-6, 4], [4, -1]], [[-10, 6], [6, -2]], [[2, 0], [0, 1]]]"
12a_302,"[[[0, 2], [2, 1]]]"
12a_303,"[[[-4, 2], [2, -1]]]"
12a_306,"[[[-2, 2], [2, 0]]]"
12a_308,"[[[32, -16], [-16, 8]]]"
12a_311,"[[[-22/3, 2/3], [2/3, -10/3]], [[-22/3, 2/3], [2/3, -10/3]], [['x', 'x'], ['x', 'x']], [[74/3, -46/3], [-46/3, 14/3]]]"
12a_312,"[[[-94/7, 26/7], [26/7, -34/7]]]"
12a_313,"[[[48/5, -34/5], [-34/5, 7/5]]]"
12a_319,"[[[10, -10], [-10, 0]]]"
12a_321,"[[[4, -6], [-6, -1]]]"
12a_325,"[[[-2/5, 6/5], [6/5, 2/5]]]"
12a_329,"[[[-6, 0], [0, -3]]]"
12a_331,"[[[-42/11, 54/11], [54/11, 6/11]]]"
12a_332,"[[[-32/3, 22/3], [22/3, -5/3]], [['x', 'x'], ['x', 'x']], [[-64/9, 50/9], [50/9, -7/9]], [[-32/3, 22/3], [22/3, -5/3]]]"
12a_334,"[[[-118/11, 70/11], [70/11, -24/11]]]"
12a_336,"[[[22/5, -26/5], [-26/5, -2/5]]]"
12a_342,"[[[12, -6], [-6, 3]]]"
12a_345,"[[[10, -10], [-10, 0]]]"
12a_346,"[[[70/11, -46/11], [-46/11, 12/11]]]"
12a_347,"[[[82/17, -58/17], [-58/17, 12/17]]]"
12a_348,"[[[-20, 10], [10, -5]]]"
12a_358,"[[[62/19, -50/19], [-50/19, 6/19]]]"
12a_360,"[[[-6, 2], [2, -2]]]"
12a_362,"[[[-38/5, 34/5], [34/5, -2/5]]]"
12a_373,"[[[0, -4], [-4, -2]]]"
12a_374,"[[[0, 0], [0, 0]]]"
12a_375,"[[[4, 0], [0, 2]]]"
12a_376,"[[[4, 0], [0, 2]]]"
12a_377,"[[[0, 0], [0, 0]]]"
12a_386,"[[[-26/3, 22/3], [22/3, -2/3]], [[-26/3, 22/3], [22/3, -2/3]], [[-34/3, 26/3], [26/3, -4/3]], [[-26/3, 22/3], [22/3, -2/3]]]"
12a_389,"[[[-12, 8], [8, -2]]]"
12a_390,"[[[-4, 0], [0, -2]]]"
12a_392,"[[[30, -20], [-20, 5]]]"
12a_393,"[[[6, -6], [-6, 0]]]"
12a_395,"[[[-8, 6], [6, -1]]]"
12a_396,"[[[6, -4], [-4, 1]], [[-2, 0], [0, -1]], [[10, -6], [-6, 2]], [[6, -4], [-4, 1]]]"
12a_401,"[[[56/11, -50/11], [-50/11, 3/11]]]"
12a_404,"[[[-12, 6], [6, -3]]]"
12a_408,"[[[22/5, -26/5], [-26/5, -2/5]]]"
12a_409,"[[[12/5, -26/5], [-26/5, -7/5]]]"
12a_411,"[[[-48/5, 34/5], [34/5, -7/5]]]"
12a_413,"[[['x', 'x'], ['x', 'x']], [['x', 'x'], ['x', 'x']], [[74/21, -58/21], [-58/21, 8/21]], [[22/3, -14/3], [-14/3, 4/3]]]"
12a_414,"[[[-82/5, 26/5], [26/5, -28/5]]]"
12a_415,"[[[-28/5, 14/5], [14/5, -7/5]]]"
12a_416,"[[[-6, 2], [2, -2]]]"
12a_419,"[[[-6, 2], [2, -2]]]"
12a_420,"[[[10, -10], [-10, 0]]]"
12a_422,"[[[-2, 2], [2, 0]]]"
12a_425,"[[[4, -2], [-2, 1]]]"
12a_426,"[[[-9, 9/2], [9/2, -9/4]]]"
12a_427,"[[[4, -2], [-2, 1]], [[-4, 2], [2, -1]], [[0, 0], [0, 0]], [[0, 0], [0, 0]]]"
12a_428,"[[[6, -4], [-4, 1]]]"
12a_429,"[[[6, -4], [-4, 1]]]"
12a_433,"[[[4, -6], [-6, -1]], [[4, -6], [-6, -1]], [[0, -4], [-4, -2]], [[8, -8], [-8, 0]]]"
12a_434,"[[[-18, 10], [10, -4]]]"
12a_435,"[[[-8, 4], [4, -2]], [[0, 0], [0, 0]], [[8, -4], [-4, 2]], [[0, 0], [0, 0]]]"
12a_439,"[[[-28/5, 14/5], [14/5, -7/5]]]"
12a_444,"[[[0, -4], [-4, -2]]]"
12a_445,"[[[2, 0], [0, 1]]]"
12a_446,"[[[6, -4], [-4, 1]]]"
12a_448,"[[[-22, 10], [10, -6]]]"
12a_450,"[[[-56, 30], [30, -13]]]"
12a_451,"[[[-14, 6], [6, -4]]]"
12a_456,"[[[-4, 2], [2, -1]]]"
12a_459,"[[[48, -22], [-22, 13]]]"
12a_463,"[[[6, -4], [-4, 1]]]"
12a_464,"[[[6, -2], [-2, 2]]]"
12a_472,"[[[-3, 9/2], [9/2, 3/4]]]"
12a_475,"[[[6, -4], [-4, 1]]]"
12a_482,"[[[-12, 6], [6, -3]]]"
12a_485,"[[[-2, 2], [2, 0]]]"
12a_486,"[[[4, -2], [-2, 1]]]"
12a_490,"[[[-6, -2], [-2, -4]]]"
12a_491,"[[[-92/5, 46/5], [46/5, -23/5]]]"
12a_493,"[[[-20/3, 10/3], [10/3, -5/3]], [['x', 'x'], ['x', 'x']], [[-20/3, 10/3], [10/3, -5/3]], [[68/3, -34/3], [-34/3, 17/3]]]"
12a_494,"[[[-108/7, 54/7], [54/7, -27/7]]]"
12a_496,"[[[-8, 2], [2, -3]]]"
12a_498,"[[[-14, 6], [6, -4]]]"
12a_503,"[[[-68/3, 34/3], [34/3, -17/3]], [['x', 'x'], ['x', 'x']], [[-68/3, 34/3], [34/3, -17/3]], [[-68/3, 34/3], [34/3, -17/3]]]"
12a_504,"[[[-98/5, 34/5], [34/5, -32/5]]]"
12a_505,"[[[-72/7, 50/7], [50/7, -11/7]]]"
12a_508,"[[[-2, -2], [-2, -2]]]"
12a_509,"[[[0, -2], [-2, -1]]]"
12a_515,"[[[82/5, -46/5], [-46/5, 18/5]]]"
12a_519,"[[[-20, 6], [6, -7]]]"
12a_523,"[[[2, -2], [-2, 0]]]"
12a_524,"[[[-104/7, 38/7], [38/7, -33/7]]]"
12a_525,"[[[-66/5, 38/5], [38/5, -14/5]]]"
12a_528,"[[[-2, 2], [2, 0]]]"
12a_529,"[[[84/13, -42/13], [-42/13, 21/13]]]"
12a_540,"[[[-10, 2], [2, -4]]]"
12a_541,"[[[-16, 6], [6, -5]]]"
12a_542,"[[[-98/13, 10/13], [10/13, -44/13]]]"
12a_546,"[[[12, -8], [-8, 2]]]"
12a_549,"[[[8, -6], [-6, 1]]]"
12a_554,"[[[-28/3, 14/3], [14/3, -7/3]], [['x', 'x'], ['x', 'x']], [['x', 'x'], ['x', 'x']], [['x', 'x'], ['x', 'x']], [[-12, 6], [6, -3]], [[-12, 6], [6, -3]], [['x', 'x'], ['x', 'x']], [['x', 'x'], ['x', 'x']], [[-12, 6], [6, -3]], [[-28/3, 14/3], [14/3, -7/3]], [['x', 'x'], ['x', 'x']], [[-28/3, 14/3], [14/3, -7/3]], [[-12, 6], [6, -3]]]"
12a_561,"[[[6, -6], [-6, 0]]]"
12a_562,"[[[-120/11, 38/11], [38/11, -41/11]]]"
12a_563,"[[[-106/9, 26/9], [26/9, -40/9]], [[-14/3, -2/3], [-2/3, -8/3]], [[-22/3, 2/3], [2/3, -10/3]], [['x', 'x'], ['x', 'x']]]"
12a_564,"[[[-126/11, 30/11], [30/11, -48/11]]]"
12a_567,"[[[70/11, -46/11], [-46/11, 12/11]]]"
12a_569,"[[[-26/3, 22/3], [22/3, -2/3]], [[-38/9, 46/9], [46/9, 4/9]], [[-26/3, 22/3], [22/3, -2/3]], [['x', 'x'], ['x', 'x']]]"
12a_570,"[[[-72/11, 58/11], [58/11, -7/11]]]"
12a_571,"[[[-4, 0], [0, -2]]]"
12a_574,"[[[-4, -4], [-4, -4]], [[0, -6], [-6, -3]], [[0, -6], [-6, -3]], [[4, -8], [-8, -2]]]"
12a_575,"[[[-2, -4], [-4, -3]]]"
12a_576,"[[[2, 2], [2, 2]], [[-2, 4], [4, 1]], [[-6, 6], [6, 0]], [[6, 0], [0, 3]]]"
12a_577,"[[[6, 0], [0, 3]]]"
12a_578,"[[[4, 0], [0, 2]]]"
12a_579,"[[[4, -2], [-2, 1]]]"
12a_580,"[[[0, 2], [2, 1]]]"
12a_588,"[[[0, -2], [-2, -1]]]"
12a_594,"[[[8, -2], [-2, 3]], [[4, 0], [0, 2]], [[0, 2], [2, 1]], [[4, 0], [0, 2]]]"
12a_596,"[[[6, -2], [-2, 2]]]"
12a_597,"[[[-12, 6], [6, -3]]]"
12a_611,"[[[22, -14], [-14, 4]]]"
12a_615,"[[[2, -6], [-6, -2]], [[2, -6], [-6, -2]], [[2, -6], [-6, -2]], [[2, -6], [-6, -2]]]"
12a_617,"[[[2, -2], [-2, 0]]]"
12a_623,"[[[-90, 42], [42, -24]]]"
12a_626,"[[[0, -2], [-2, -1]]]"
12a_628,"[[[56/11, -50/11], [-50/11, 3/11]]]"
12a_629,"[[[-4, 2], [2, -1]]]"
12a_631,"[[[-4, 2], [2, -1]]]"
12a_633,"[[[8, -6], [-6, 1]]]"
12a_634,"[[[4, 0], [0, 2]], [[4, 0], [0, 2]], [[8, -2], [-2, 3]], [[4, 0], [0, 2]]]"
12a_635,"[[[12, -6], [-6, 3]]]"
12a_636,"[[[34/11, -6/11], [-6/11, 14/11]]]"
12a_637,"[[[-18, 10], [10, -4]]]"
12a_643,"[[[6, -2], [-2, 2]]]"
12a_647,"[[[4, -8], [-8, -2]], [[-4, -4], [-4, -4]], [[-4, -4], [-4, -4]], [[4, -8], [-8, -2]]]"
12a_648,"[[[-2, -4], [-4, -3]]]"
12a_650,"[[[12, -6], [-6, 3]]]"
12a_654,"[[[22, -14], [-14, 4]]]"
12a_655,"[[[-18, 10], [10, -4]]]"
12a_665,"[[[28, -16], [-16, 6]]]"
12a_666,"[[[-16, 6], [6, -5]]]"
12a_668,"[[[-2, 0], [0, -1]]]"
12a_670,"[[[6, -4], [-4, 1]]]"
12a_672,"[[[-4, 0], [0, -2]]]"
12a_679,"[[[-6, -2], [-2, -4]], [[-6, -2], [-2, -4]], [[-2, -4], [-4, -3]], [[-2, -4], [-4, -3]]]"
12a_683,"[[[-4, 0], [0, -2]], [[4, -4], [-4, 0]], [[-8, 2], [2, -3]], [[-8, 2], [2, -3]]]"
12a_684,"[[[-8, 2], [2, -3]]]"
12a_685,"[[[22, -14], [-14, 4]]]"
12a_689,"[[[-4, 0], [0, -2]]]"
12a_692,"[[[6, 0], [0, 3]], [[2, 2], [2, 2]], [[-2, 4], [4, 1]], [[6, 0], [0, 3]]]"
12a_693,"[[[-4, 4], [4, 0]]]"
12a_694,"[[[0, -4], [-4, -2]]]"
12a_699,"[[[6, -2], [-2, 2]]]"
12a_701,"[[[0, 2], [2, 1]], [[-4, 4], [4, 0]], [[-4, 4], [4, 0]], [[0, 2], [2, 1]]]"
12a_702,"[[[-4, 4], [4, 0]]]"
12a_703,"[[[-4, 4], [4, 0]]]"
12a_705,"[[[-108/19, 54/19], [54/19, -27/19]]]"
12a_706,"[[[-94, 46], [46, -24]]]"
12a_708,"[[[68/7, -34/7], [-34/7, 17/7]]]"
12a_711,"[[[-2/5, 6/5], [6/5, 2/5]]]"
12a_712,"[[[-8, 6], [6, -1]], [[-4, 4], [4, 0]], [[-16, 10], [10, -3]], [[-16, 10], [10, -3]]]"
12a_718,"[[[0, 2], [2, 1]]]"
12a_719,"[[[72/5, -26/5], [-26/5, 23/5]]]"
12a_721,"[[[16, -6], [-6, 5]]]"
12a_723,"[[[-36, 14], [14, -11]]]"
12a_725,"[[[-70/3, 26/3], [26/3, -22/3]], [[-62/3, 22/3], [22/3, -20/3]], [[-70/3, 26/3], [26/3, -22/3]], [['x', 'x'], ['x', 'x']]]"
12a_730,"[[[-110/7, 34/7], [34/7, -38/7]]]"
12a_731,"[[[8, -6], [-6, 1]]]"
12a_735,"[[[-74/5, 22/5], [22/5, -26/5]]]"
12a_736,"[[[4, -2], [-2, 1]]]"
12a_737,"[[[-4, 4], [4, 0]]]"
12a_739,"[[[0, -4], [-4, -2]]]"
12a_741,"[[[82/7, -62/7], [-62/7, 10/7]]]"
12a_742,"[[[4, -2], [-2, 1]], [[0, 0], [0, 0]], [[-8, 4], [4, -2]], [[4, -2], [-2, 1]]]"
12a_750,"[[[-10, 2], [2, -4]], [['x', 'x'], ['x', 'x']], [['x', 'x'], ['x', 'x']], [[-38/3, 10/3], [10/3, -14/3]], [[-38/3, 10/3], [10/3, -14/3]], [['x', 'x'], ['x', 'x']], [[-10, 2], [2, -4]], [['x', 'x'], ['x', 'x']], [[-38/3, 10/3], [10/3, -14/3]], [[-10, 2], [2, -4]], [['x', 'x'], ['x', 'x']], [['x', 'x'], ['x', 'x']], [[-10, 2], [2, -4]]]"
12a_760,"[[[22, -10], [-10, 6]]]"
12a_762,"[[[-4, -2], [-2, -3]]]"
12a_766,"[[[4, -2], [-2, 1]]]"
12a_767,"[[[-78/7, 18/7], [18/7, -30/7]]]"
12a_768,"[[[22, -10], [-10, 6]]]"
12a_769,"[[[-68/3, 34/3], [34/3, -17/3]], [[28/3, -14/3], [-14/3, 7/3]], [[28/3, -14/3], [-14/3, 7/3]], [[20/3, -10/3], [-10/3, 5/3]]]"
12a_771,"[[[-96, 50], [50, -23]]]"
12a_772,"[[[4, -4], [-4, 0]]]"
12a_775,"[[[-10, 2], [2, -4]]]"
12a_777,"[[[8, -6], [-6, 1]]]"
12a_780,"[[[6, -6], [-6, 0]]]"
12a_785,"[[[2, -4], [-4, -1]]]"
12a_787,"[[[28/9, -14/9], [-14/9, 7/9]], [[28/3, -14/3], [-14/3, 7/3]], [[28/3, -14/3], [-14/3, 7/3]], [['x', 'x'], ['x', 'x']]]"
12a_791,"[[[-4, 2], [2, -1]]]"
12a_793,"[[[-92/17, 46/17], [46/17, -23/17]]]"
12a_796,"[[[-2, -2], [-2, -2]]]"
12a_798,"[[[2, -4], [-4, -1]]]"
12a_800,"[[[2, -4], [-4, -1]]]"
12a_801,"[[[0, -4], [-4, -2]], [[4, -6], [-6, -1]], [[0, -4], [-4, -2]], [[0, -4], [-4, -2]]]"
12a_803,"[[[-8, 2], [2, -3]]]"
12a_804,"[[[6/17, -54/17], [-54/17, -24/17]]]"
12a_805,"[[[8, -2], [-2, 3]]]"
12a_806,"[[[6, -2], [-2, 2]]]"
12a_807,"[[[6, -2], [-2, 2]]]"
12a_808,"[[[6, -2], [-2, 2]]]"
12a_809,"[[[14/13, -46/13], [-46/13, -16/13]]]"
12a_810,"[[[56/15, -58/15], [-58/15, -1/15]], [[-40/3, 14/3], [14/3, -13/3]], [[-32/3, 10/3], [10/3, -11/3]], [[-32/3, 10/3], [10/3, -11/3]]]"
12a_812,"[[[86, -46], [-46, 20]]]"
12a_814,"[[[-10, 0], [0, -5]]]"
12a_818,"[[[84, -42], [-42, 21]]]"
12a_823,"[[[-6, 0], [0, -3]]]"
12a_827,"[[[8, -4], [-4, 2]]]"
12a_828,"[[[-10, 0], [0, -5]]]"
12a_841,"[[[-74/5, 22/5], [22/5, -26/5]]]"
12a_845,"[[[20/11, -10/11], [-10/11, 5/11]]]"
12a_847,"[[[-12, 4], [4, -4]]]"
12a_852,"[[[-4, 0], [0, -2]]]"
12a_853,"[[[-70/13, 22/13], [22/13, -24/13]]]"
12a_855,"[[[-6, 2], [2, -2]]]"
12a_858,"[[[22/5, -6/5], [-6/5, 8/5]]]"
12a_861,"[[[-4, 4], [4, 0]]]"
12a_862,"[[[96/11, -26/11], [-26/11, 35/11]]]"
12a_864,"[[[-6, 4], [4, -1]]]"
12a_873,"[[[14/3, -10/3], [-10/3, 2/3]], [[14/3, -10/3], [-10/3, 2/3]], [[-82/3, 38/3], [38/3, -22/3]], [['x', 'x'], ['x', 'x']]]"
12a_876,"[[[8, -10], [-10, -1]]]"
12a_878,"[[[-2, 2], [2, 0]]]"
12a_882,"[[[-2, 2], [2, 0]]]"
12a_886,"[[[16/3, -2/3], [-2/3, 7/3]], [[16/3, -2/3], [-2/3, 7/3]], [[-88/3, 50/3], [50/3, -19/3]], [['x', 'x'], ['x', 'x']]]"
12a_888,"[[[18, -10], [-10, 4]]]"
12a_893,"[[[12, -6], [-6, 3]]]"
12a_894,"[[[18, -10], [-10, 4]]]"
12a_895,"[[['x', 'x'], ['x', 'x']], [[8/3, -10/3], [-10/3, -1/3]], [[8/3, -10/3], [-10/3, -1/3]], [[8/3, -10/3], [-10/3, -1/3]]]"
12a_902,"[[[60, -30], [-30, 15]]]"
12a_903,"[[[2, -4], [-4, -1]]]"
12a_904,"[[[-8, 2], [2, -3]]]"
12a_905,"[[[-10, 4], [4, -3]], [[-14, 6], [6, -4]], [[-6, 2], [2, -2]], [[-14, 6], [6, -4]]]"
12a_907,"[[[38/5, -34/5], [-34/5, 2/5]]]"
12a_909,"[[[0, -2], [-2, -1]]]"
12a_912,"[[[-6, 2], [2, -2]]]"
12a_913,"[[[4, -2], [-2, 1]]]"
12a_914,"[[[-8, 6], [6, -1]]]"
12a_916,"[[[-2, 2], [2, 0]]]"
12a_919,"[[[4, -2], [-2, 1]]]"
12a_923,"[[[4/7, -30/7], [-30/7, -13/7]]]"
12a_924,"[[[54/5, -42/5], [-42/5, 6/5]]]"
12a_927,"[[[-18, 8], [8, -5]]]"
12a_928,"[[[-42, 22], [22, -10]]]"
12a_930,"[[[0, -4], [-4, -2]]]"
12a_931,"[[[2, -4], [-4, -1]]]"
12a_936,"[[[12, -6], [-6, 3]]]"
12a_939,"[[[-72, 34], [34, -19]]]"
12a_940,"[[[72, -38], [-38, 17]]]"
12a_941,"[[[-4, 0], [0, -2]]]"
12a_944,"[[[18, -10], [-10, 4]]]"
12a_949,"[[[-4, 0], [0, -2]]]"
12a_952,"[[[20, -14], [-14, 3]]]"
12a_964,"[[[22, -10], [-10, 6]]]"
12a_965,"[[[4, -2], [-2, 1]]]"
12a_970,"[[[-6, 4], [4, -1]]]"
12a_972,"[[[28/5, -14/5], [-14/5, 7/5]]]"
12a_973,"[[[-2/9, -44/9], [-44/9, -23/9]], [['x', 'x'], ['x', 'x']], [[14/3, -22/3], [-22/3, -4/3]], [['x', 'x'], ['x', 'x']]]"
12a_974,"[[[2/7, -36/7], [-36/7, -17/7]]]"
12a_975,"[[[10, -4], [-4, 3]]]"
12a_976,"[[[48, -22], [-22, 13]]]"
12a_979,"[[[0, 0], [0, 0]]]"
12a_981,"[[[2, 0], [0, 1]]]"
12a_982,"[[[0, 0], [0, 0]]]"
12a_986,"[[[-4, 2], [2, -1]]]"
12a_987,"[[[0, 2], [2, 1]], [[-4, 4], [4, 0]], [[-4, 4], [4, 0]], [[0, 2], [2, 1]]]"
12a_990,"[[[4, -2], [-2, 1]], [[-4, 2], [2, -1]], [[0, 0], [0, 0]], [[0, 0], [0, 0]]]"
12a_999,"[[[2, 0], [0, 1]]]"
12a_1000,"[[[0, 0], [0, 0]]]"
12a_1001,"[[[-6, 2], [2, -2]]]"
12a_1002,"[[[-2, 2], [2, 0]]]"
12a_1010,"[[[-32, 14], [14, -9]]]"
12a_1016,"[[[8, -4], [-4, 2]]]"
12a_1018,"[[[-2, 0], [0, -1]]]"
12a_1021,"[[[32/5, -26/5], [-26/5, 3/5]]]"
12a_1022,"[[[-62/3, 22/3], [22/3, -20/3]], [[-62/3, 22/3], [22/3, -20/3]], [[-62/3, 22/3], [22/3, -20/3]], [[34/3, -26/3], [-26/3, 4/3]]]"
12a_1025,"[[[-74/13, 50/13], [50/13, -12/13]]]"
12a_1026,"[[[-62/7, 38/7], [38/7, -12/7]]]"
12a_1029,"[[[4, -2], [-2, 1]]]"
12a_1036,"[[[20, -14], [-14, 3]]]"
12a_1043,"[[[2/5, -6/5], [-6/5, -2/5]]]"
12a_1044,"[[[-8, 2], [2, -3]]]"
12a_1050,"[[[22, -12], [-12, 5]]]"
12a_1057,"[[[-62, 30], [30, -16]]]"
12a_1059,"[[[0, -4], [-4, -2]]]"
12a_1060,"[[[0, -2], [-2, -1]]]"
12a_1061,"[[[4, -4], [-4, 0]]]"
12a_1062,"[[[2, -4], [-4, -1]]]"
12a_1073,"[[[2, -4], [-4, -1]]]"
12a_1076,"[[[-12, 6], [6, -3]]]"
12a_1077,"[[[48/5, -14/5], [-14/5, 17/5]]]"
12a_1079,"[[[0, -2], [-2, -1]]]"
12a_1080,"[[[4, -4], [-4, 0]]]"
12a_1087,"[[[4, -2], [-2, 1]]]"
12a_1091,"[[[10, -6], [-6, 2]]]"
12a_1092,"[[[-2/3, -2/3], [-2/3, -2/3]], [[-2/3, -2/3], [-2/3, -2/3]], [[-10/3, 2/3], [2/3, -4/3]], [[-2/3, -2/3], [-2/3, -2/3]]]"
12a_1093,"[[[-10/3, 2/3], [2/3, -4/3]], [['x', 'x'], ['x', 'x']], [[-2/3, -2/3], [-2/3, -2/3]], [[-10/3, 2/3], [2/3, -4/3]]]"
12a_1094,"[[[0, -2], [-2, -1]]]"
12a_1095,"[[[-4, 2], [2, -1]]]"
12a_1100,"[[[0, 0], [0, 0]]]"
12a_1101,"[[[8, -2], [-2, 3]]]"
12a_1103,"[[[8, -2], [-2, 3]]]"
12a_1111,"[[[4, -2], [-2, 1]]]"
12a_1115,"[[[8, -2], [-2, 3]]]"
12a_1117,"[[[1, -9/2], [-9/2, -7/4]]]"
12a_1120,"[[[-2, 2], [2, 0]]]"
12a_1122,"[[[-38/5, 14/5], [14/5, -12/5]]]"
12a_1123,"[[[-4, 2], [2, -1]], [[4, -2], [-2, 1]], [[4, -2], [-2, 1]], [[-4, 2], [2, -1]]]"
12a_1129,"[[[20, -10], [-10, 5]]]"
12a_1133,"[[[-10, 6], [6, -2]]]"
12a_1136,"[[[0, -2], [-2, -1]]]"
12a_1137,"[[[-58/7, 22/7], [22/7, -18/7]]]"
12a_1142,"[[[20/9, -10/9], [-10/9, 5/9]], [['x', 'x'], ['x', 'x']], [[28/3, -14/3], [-14/3, 7/3]], [[28/3, -14/3], [-14/3, 7/3]]]"
12a_1144,"[[[28/11, -14/11], [-14/11, 7/11]]]"
12a_1146,"[[[-14, 6], [6, -4]]]"
12a_1147,"[[[4, -4], [-4, 0]]]"
12a_1151,"[[[4, -2], [-2, 1]]]"
12a_1154,"[[[12, -8], [-8, 2]]]"
12a_1155,"[[[22, -14], [-14, 4]]]"
12a_1157,"[[[6, -6], [-6, 0]]]"
12a_1160,"[[[-56/5, 18/5], [18/5, -19/5]]]"
12a_1161,"[[[0, -2], [-2, -1]]]"
12a_1162,"[[[8, -6], [-6, 1]]]"
12a_1164,"[[[4, -4], [-4, 0]]]"
12a_1166,"[[[2, -2], [-2, 0]]]"
12a_1170,"[[[4, -2], [-2, 1]]]"
12a_1173,"[[[12, -8], [-8, 2]]]"
12a_1177,"[[[4, -2], [-2, 1]]]"
12a_1180,"[[[10, -6], [-6, 2]]]"
12a_1181,"[[[-10/3, 2/3], [2/3, -4/3]], [[-2/3, -2/3], [-2/3, -2/3]], [[-2/3, -2/3], [-2/3, -2/3]], [[-2/3, -2/3], [-2/3, -2/3]]]"
12a_1184,"[[[6, -6], [-6, 0]]]"
12a_1187,"[[[-6, 4], [4, -1]]]"
12a_1189,"[[[-40, 18], [18, -11]]]"
12a_1190,"[[[-2, 0], [0, -1]]]"
12a_1191,"[[[4, 0], [0, 2]]]"
12a_1196,"[[[2/5, -6/5], [-6/5, -2/5]]]"
12a_1197,"[[[18, -10], [-10, 4]]]"
12a_1200,"[[[-12, 6], [6, -3]]]"
12a_1201,"[[[2, -2], [-2, 0]]]"
12a_1207,"[[[6, -6], [-6, 0]]]"
12a_1210,"[[[8, -2], [-2, 3]]]"
12a_1212,"[[[6, -4], [-4, 1]]]"
12a_1214,"[[[4, -6], [-6, -1]]]"
12a_1215,"[[[-4, 0], [0, -2]]]"
12a_1216,"[[[68/7, -34/7], [-34/7, 17/7]]]"
12a_1217,"[[[108/13, -54/13], [-54/13, 27/13]]]"
12a_1219,"[[[-6, 4], [4, -1]]]"
12a_1221,"[[[6, -4], [-4, 1]]]"
12a_1224,"[[[0, -2], [-2, -1]]]"
12a_1225,"[[[0, 0], [0, 0]], [[4, -2], [-2, 1]], [[0, 0], [0, 0]], [[-4, 2], [2, -1]]]"
12a_1226,"[[[-2, 2], [2, 0]]]"
12a_1237,"[[[-12/5, 6/5], [6/5, -3/5]]]"
12a_1239,"[[[-22, 10], [10, -6]]]"
12a_1247,"[[[-16, 6], [6, -5]]]"
12a_1248,"[[[-2, 2], [2, 0]]]"
12a_1252,"[[[4, -4], [-4, 0]]]"
12a_1253,"[[[2, 0], [0, 1]]]"
12a_1255,"[[[0, -2], [-2, -1]]]"
12a_1260,"[[[-4, 2], [2, -1]], [[-4, 2], [2, -1]], [[4, -2], [-2, 1]], [[4, -2], [-2, 1]]]"
12a_1261,"[[[4, -4], [-4, 0]]]"
12a_1262,"[[[-4, 2], [2, -1]]]"
12a_1265,"[[[-12, 6], [6, -3]]]"
12a_1266,"[[[4, -4], [-4, 0]]]"
12a_1270,"[[[0, -2], [-2, -1]]]"
12a_1272,"[[[18, -10], [-10, 4]]]"
12a_1276,"[[[-4, 2], [2, -1]]]"
12a_1282,"[[[-4, 2], [2, -1]]]"
12a_1283,"[[[4, -2], [-2, 1]], [[0, 0], [0, 0]], [[-8, 4], [4, -2]], [[4, -2], [-2, 1]]]"
12a_1284,"[[[-8, 4], [4, -2]]]"
12a_1285,"[[[-8, 4], [4, -2]]]"
12a_1286,"[[[-6, 4], [4, -1]], [[-2, 2], [2, 0]], [[-6, 4], [4, -1]], [[-2, 2], [2, 0]]]"
12a_1288,"[[[0, 0], [0, 0]], [[8, -4], [-4, 2]], [[-8, 4], [4, -2]], [[0, 0], [0, 0]]]"
12n_1,"[[[-2, 0], [0, -1]]]"
12n_4,"[[[-8, 4], [4, -2]]]"
12n_5,"[[[-10, 8], [8, -1]]]"
12n_6,"[[[-12, 4], [4, -4]]]"
12n_7,"[[[-8, 4], [4, -2]]]"
12n_10,"[[[-14, 8], [8, -3]]]"
12n_15,"[[[-8, 6], [6, -1]]]"
12n_16,"[[[-8, 2], [2, -3]]]"
12n_22,"[[[-8, 4], [4, -2]]]"
12n_23,"[[[-8, 4], [4, -2]]]"
12n_27,"[[[-2, 0], [0, -1]]]"
12n_28,"[[[-14, 8], [8, -3]]]"
12n_30,"[[[-8, 4], [4, -2]]]"
12n_31,"[[[-8, 4], [4, -2]]]"
12n_33,"[[[-2, 0], [0, -1]]]"
12n_34,"[[[-14, 8], [8, -3]]]"
12n_35,"[[[-28, 14], [14, -7]]]"
12n_39,"[[[-10, 6], [6, -2]]]"
12n_40,"[[[-6, 2], [2, -2]]]"
12n_43,"[[[-4, 2], [2, -1]]]"
12n_44,"[[[-12, 6], [6, -3]]]"
12n_49,"[[[-38, 18], [18, -10]]]"
12n_50,"[[[-48, 22], [22, -13]]]"
12n_51,"[[[26/11, -2/11], [-2/11, 12/11]]]"
12n_52,"[[[-40/11, 42/11], [42/11, 1/11]]]"
12n_53,"[[[-18/11, -2/11], [-2/11, -10/11]]]"
12n_55,"[[[4, -4], [-4, 0]]]"
12n_56,"[[[2, 0], [0, 1]]]"
12n_57,"[[[2, 0], [0, 1]]]"
12n_58,"[[[0, 4], [4, 2]]]"
12n_59,"[[[0, -4], [-4, -2]]]"
12n_60,"[[[-2, 0], [0, -1]]]"
12n_61,"[[[-2, 0], [0, -1]]]"
12n_62,"[[[-2, 0], [0, -1]]]"
12n_63,"[[[-4, 4], [4, 0]]]"
12n_64,"[[[4, -4], [-4, 0]]]"
12n_66,"[[[-2, 0], [0, -1]]]"
12n_67,"[[[0, 4], [4, 2]]]"
12n_83,"[[[2, -4], [-4, -1]]]"
12n_84,"[[[-2, 0], [0, -1]]]"
12n_98,"[[[10, -8], [-8, 1]]]"
12n_99,"[[[-12, 4], [4, -4]]]"
12n_100,"[[[-2/7, -34/7], [-34/7, -18/7]]]"
12n_101,"[[[-76/5, 38/5], [38/5, -19/5]]]"
12n_102,"[[[-34/13, -22/13], [-22/13, -28/13]]]"
12n_106,"[[[-2, 0], [0, -1]]]"
12n_107,"[[[0, -4], [-4, -2]]]"
12n_108,"[[[-6, 0], [0, -3]]]"
12n_109,"[[[12, -4], [-4, 4]]]"
12n_110,"[[[-10, 0], [0, -5]]]"
12n_125,"[[[10, -8], [-8, 1]]]"
12n_126,"[[[-12, 4], [4, -4]]]"
12n_139,"[[[-16/7, -6/7], [-6/7, -11/7]]]"
12n_140,"[[[-66/5, 18/5], [18/5, -24/5]]]"
12n_141,"[[[-60/13, 30/13], [30/13, -15/13]]]"
12n_144,"[[[0, 2], [2, 1]]]"
12n_147,"[[[2, -2], [-2, 0]]]"
12n_150,"[[[10, -8], [-8, 1]]]"
12n_151,"[[[-12, 4], [4, -4]]]"
12n_152,"[[[14, -8], [-8, 3]]]"
12n_156,"[[[8, -6], [-6, 1]]]"
12n_157,"[[[30, -18], [-18, 6]]]"
12n_158,"[[[-60/7, 30/7], [30/7, -15/7]]]"
12n_169,"[[[-10, 0], [0, -5]]]"
12n_170,"[[[8, -4], [-4, 2]]]"
12n_171,"[[[-6, 0], [0, -3]]]"
12n_173,"[[[14/11, -18/11], [-18/11, -2/11]]]"
12n_174,"[[[-60/13, 30/13], [30/13, -15/13]]]"
12n_175,"[[[-66/5, 18/5], [18/5, -24/5]]]"
12n_176,"[[[-106/13, 14/13], [14/13, -46/13]]]"
12n_198,"[[[-8, 4], [4, -2]]]"
12n_200,"[[[12, -4], [-4, 4]]]"
12n_201,"[[[-6, 0], [0, -3]]]"
12n_202,"[[[12, -4], [-4, 4]]]"
12n_203,"[[[-10, 0], [0, -5]]]"
12n_204,"[[[-2/13, -38/13], [-38/13, -20/13]]]"
12n_211,"[[[26/5, -18/5], [-18/5, 4/5]]]"
12n_219,"[[[-2, 0], [0, -1]]]"
12n_220,"[[[0, -4], [-4, -2]]]"
12n_221,"[[[-2, 0], [0, -1]]]"
12n_222,"[[[0, -4], [-4, -2]]]"
12n_223,"[[[4, -4], [-4, 0]]]"
12n_224,"[[[2, 0], [0, 1]]]"
12n_225,"[[[4, -4], [-4, 0]]]"
12n_229,"[[[0, -4], [-4, -2]]]"
12n_245,"[[[10, -10], [-10, 0]]]"
12n_246,"[[[28, -14], [-14, 7]]]"
12n_247,"[[[-46/7, 2/7], [2/7, -22/7]]]"
12n_258,"[[[-28/13, 14/13], [14/13, -7/13]]]"
12n_260,"[[[16/5, 2/5], [2/5, 9/5]]]"
12n_261,"[[[4, -4], [-4, 0]]]"
12n_265,"[[[-8, 4], [4, -2]]]"
12n_266,"[[[14, -8], [-8, 3]]]"
12n_267,"[[[-12, 4], [4, -4]]]"
12n_268,"[[[-52/3, 26/3], [26/3, -13/3]], [['x', 'x'], ['x', 'x']], [[4/9, -2/9], [-2/9, 1/9]], [[-44/3, 22/3], [22/3, -11/3]]]"
12n_269,"[[[-28/3, 14/3], [14/3, -7/3]], [[-28/3, 14/3], [14/3, -7/3]], [['x', 'x'], ['x', 'x']], [[76/9, -38/9], [-38/9, 19/9]]]"
12n_270,"[[['x', 'x'], ['x', 'x']], [[-26/3, 22/3], [22/3, -2/3]], [[-26/3, 22/3], [22/3, -2/3]], [[58/9, -2/9], [-2/9, 28/9]]]"
12n_280,"[[[2, -3], [-3, -1/2]]]"
12n_282,"[[[28, -12], [-12, 8]]]"
12n_283,"[[[-18/11, -2/11], [-2/11, -10/11]]]"
12n_284,"[[[10, -6], [-6, 2]]]"
12n_285,"[[[-8/7, -10/7], [-10/7, -9/7]]]"
12n_286,"[[[-46/13, 10/13], [10/13, -18/13]]]"
12n_287,"[[[32/13, 10/13], [10/13, 21/13]]]"
12n_290,"[[[0, -4], [-4, -2]]]"
12n_291,"[[[2, 0], [0, 1]]]"
12n_294,"[[[-16, 6], [6, -5]]]"
12n_302,"[[[58/13, -42/13], [-42/13, 8/13]]]"
12n_308,"[[[-6, -2], [-2, -4]]]"
12n_310,"[[[18, -10], [-10, 4]]]"
12n_311,"[[[-50, 26], [26, -12]]]"
12n_329,"[[[68/11, 10/11], [10/11, 39/11]]]"
12n_330,"[[[-112/11, 34/11], [34/11, -39/11]]]"
12n_331,"[[[24/11, 10/11], [10/11, 17/11]]]"
12n_332,"[[['x', 'x'], ['x', 'x']], [[4/3, 10/3], [10/3, 7/3]], [[4/3, 10/3], [10/3, 7/3]], [[44/9, 14/9], [14/9, 29/9]]]"
12n_333,"[[[-62/9, 22/9], [22/9, -20/9]], [['x', 'x'], ['x', 'x']], [[-2/3, -2/3], [-2/3, -2/3]], [[-2/3, -2/3], [-2/3, -2/3]]]"
12n_334,"[[[-22/3, 14/3], [14/3, -4/3]], [['x', 'x'], ['x', 'x']], [[-10/9, 14/9], [14/9, 2/9]], [[-14/3, 10/3], [10/3, -2/3]]]"
12n_357,"[[[58, -30], [-30, 14]]]"
12n_359,"[[[16, -8], [-8, 4]]]"
12n_363,"[[[-4, 4], [4, 0]]]"
12n_364,"[[[18/13, -22/13], [-22/13, -2/13]]]"
12n_365,"[[[-18/13, 22/13], [22/13, 2/13]]]"
12n_368,"[[[4, -6], [-6, -1]]]"
12n_369,"[[[0, -2], [-2, -1]]]"
12n_375,"[[[-4, -2], [-2, -3]]]"
12n_377,"[[[-4, 2], [2, -1]]]"
12n_379,"[[[-4, 4], [4, 0]], [[0, 2], [2, 1]], [[4, 0], [0, 2]], [[-8, 6], [6, -1]]]"
12n_380,"[[[-2, 0], [0, -1]], [[-6, 2], [2, -2]], [[6, -4], [-4, 1]], [[-6, 2], [2, -2]]]"
12n_383,"[[[34, -20], [-20, 7]]]"
12n_386,"[[[0, -6], [-6, -3]], [[0, -6], [-6, -3]], [[-4, -4], [-4, -4]], [[4, -8], [-8, -2]]]"
12n_387,"[[[4, -6], [-6, -1]], [[0, -4], [-4, -2]], [[4, -6], [-6, -1]], [[8, -8], [-8, 0]]]"
12n_388,"[[[10, -6], [-6, 2]], [[6, -4], [-4, 1]], [[2, -2], [-2, 0]], [[-2, 0], [0, -1]]]"
12n_389,"[[[-8, 2], [2, -3]], [[4, -4], [-4, 0]], [[-8, 2], [2, -3]], [[-4, 0], [0, -2]]]"
12n_392,"[[[30, -16], [-16, 7]]]"
12n_398,"[[[2, 2], [2, 2]]]"
12n_399,"[[[6, -2], [-2, 2]]]"
12n_401,"[[[-8, 2], [2, -3]]]"
12n_402,"[[[4/3, 10/3], [10/3, 7/3]], [['x', 'x'], ['x', 'x']], [[52/9, 10/9], [10/9, 31/9]], [[4/3, 10/3], [10/3, 7/3]]]"
12n_403,"[[[-22/3, 14/3], [14/3, -4/3]], [[-22/3, 14/3], [14/3, -4/3]], [[-14/3, 10/3], [10/3, -2/3]], [[-14/3, 10/3], [10/3, -2/3]]]"
12n_404,"[[[60/11, 14/11], [14/11, 37/11]]]"
12n_409,"[[[-8, 6], [6, -1]]]"
12n_410,"[[[8, -6], [-6, 1]]]"
12n_412,"[[[-2, 2], [2, 0]]]"
12n_413,"[[[2, -2], [-2, 0]]]"
12n_419,"[[[12/5, -26/5], [-26/5, -7/5]]]"
12n_420,"[[[-10/3, 2/3], [2/3, -4/3]], [['x', 'x'], ['x', 'x']], [[-62/9, 22/9], [22/9, -20/9]], [['x', 'x'], ['x', 'x']]]"
12n_421,"[[[52/11, -26/11], [-26/11, 13/11]]]"
12n_422,"[[[-52/11, 26/11], [26/11, -13/11]]]"
12n_423,"[[[-14/11, 18/11], [18/11, 2/11]]]"
12n_425,"[[[-8, 6], [6, -1]]]"
12n_426,"[[[-6, -3], [-3, -9/2]]]"
12n_435,"[[[-18, 10], [10, -4]]]"
12n_438,"[[[8/5, -14/5], [-14/5, -3/5]]]"
12n_439,"[[[24/7, 2/7], [2/7, 13/7]]]"
12n_440,"[[[0, 0], [0, 0]], [[4, -2], [-2, 1]], [[0, 0], [0, 0]], [[0, 0], [0, 0]]]"
12n_441,"[[[20, -14], [-14, 3]]]"
12n_442,"[[[-54, 26], [26, -14]]]"
12n_443,"[[[-44/5, 22/5], [22/5, -11/5]]]"
12n_444,"[[[12/11, -6/11], [-6/11, 3/11]]]"
12n_445,"[[[-2/13, -38/13], [-38/13, -20/13]]]"
12n_458,"[[[-28/13, 14/13], [14/13, -7/13]]]"
12n_459,"[[[-54/11, -6/11], [-6/11, -30/11]]]"
12n_460,"[[[-10, 6], [6, -2]], [[-2, 2], [2, 0]], [[-2, 2], [2, 0]], [[-2, 2], [2, 0]]]"
12n_464,"[[[8/5, -14/5], [-14/5, -3/5]]]"
12n_480,"[[[-20/3, 10/3], [10/3, -5/3]], [[-20/3, 10/3], [10/3, -5/3]], [[-20/3, 10/3], [10/3, -5/3]], [[-20/3, 10/3], [10/3, -5/3]]]"
12n_483,"[[[6, -4], [-4, 1]]]"
12n_484,"[[[6, -4], [-4, 1]]]"
12n_491,"[[[-2, 2], [2, 0]]]"
12n_493,"[[[-12, 6], [6, -3]]]"
12n_494,"[[[-4, 0], [0, -2]], [[4, -4], [-4, 0]], [[0, -2], [-2, -1]], [[-4, 0], [0, -2]]]"
12n_495,"[[[-6, 4], [4, -1]], [[-6, 4], [4, -1]], [[-2, 2], [2, 0]], [[2, 0], [0, 1]]]"
12n_496,"[[[8, -8], [-8, 0]], [[0, -4], [-4, -2]], [[12, -10], [-10, 1]], [[8, -8], [-8, 0]]]"
12n_497,"[[[-76/11, 38/11], [38/11, -19/11]]]"
12n_499,"[[[-2/5, 6/5], [6/5, 2/5]]]"
12n_500,"[[[-18, 10], [10, -4]]]"
12n_502,"[[[-8, -2], [-2, -5]]]"
12n_505,"[[[-8/3, 10/3], [10/3, 1/3]], [[-8/3, 10/3], [10/3, 1/3]], [[-16/3, 14/3], [14/3, -1/3]], [[-16/3, 14/3], [14/3, -1/3]]]"
12n_507,"[[[0, 2], [2, 1]]]"
12n_508,"[[[-6, 0], [0, -3]], [[2, -4], [-4, -1]], [[2, -4], [-4, -1]], [[2, -4], [-4, -1]]]"
12n_518,"[[[4, -8], [-8, -2]], [[-4, -4], [-4, -4]], [[-4, -4], [-4, -4]], [[4, -8], [-8, -2]]]"
12n_525,"[[[36, -18], [-18, 9]]]"
12n_527,"[[[-2, -2], [-2, -2]]]"
12n_533,"[[[-4, 0], [0, -2]]]"
12n_535,"[[[0, 1], [1, 1/2]]]"
12n_536,"[[[-6, 2], [2, -2]]]"
12n_543,"[[[-48/5, 34/5], [34/5, -7/5]]]"
12n_546,"[[['x', 'x'], ['x', 'x']], [[2/3, 2/3], [2/3, 2/3]], [[2/3, 2/3], [2/3, 2/3]], [[70/9, -26/9], [-26/9, 22/9]]]"
12n_547,"[[[82/11, -30/11], [-30/11, 26/11]]]"
12n_549,"[[[-2, -2], [-2, -2]], [[6, -6], [-6, 0]], [[-2, -2], [-2, -2]], [[-2, -2], [-2, -2]]]"
12n_550,"[[[32/13, 10/13], [10/13, 21/13]]]"
12n_551,"[[[-6, 0], [0, -3]]]"
12n_552,"[[[0, 1], [1, 1/2]]]"
12n_553,"[[['x', 'x'], ['x', 'x']], [[10/3, -2/3], [-2/3, 4/3]], [['x', 'x'], ['x', 'x']], [['x', 'x'], ['x', 'x']], [['x', 'x'], ['x', 'x']], [['x', 'x'], ['x', 'x']], [[26/3, -10/3], [-10/3, 8/3]], [[6, -2], [-2, 2]], [[6, -2], [-2, 2]], [[6, -2], [-2, 2]], [[6, -2], [-2, 2]], [[6, -2], [-2, 2]], [['x', 'x'], ['x', 'x']]]"
12n_554,"[[['x', 'x'], ['x', 'x']], [[2/3, 2/3], [2/3, 2/3]], [[-2, 2], [2, 0]], [['x', 'x'], ['x', 'x']], [[-2, 2], [2, 0]], [['x', 'x'], ['x', 'x']], [['x', 'x'], ['x', 'x']], [[2/3, 2/3], [2/3, 2/3]], [[-2, 2], [2, 0]], [[-2, 2], [2, 0]], [['x', 'x'], ['x', 'x']], [[2/3, 2/3], [2/3, 2/3]], [['x', 'x'], ['x', 'x']]]"
12n_555,"[[[-16/3, 14/3], [14/3, -1/3]], [['x', 'x'], ['x', 'x']], [[-16/3, 14/3], [14/3, -1/3]], [[-8, 6], [6, -1]], [['x', 'x'], ['x', 'x']], [['x', 'x'], ['x', 'x']], [['x', 'x'], ['x', 'x']], [['x', 'x'], ['x', 'x']], [[-16/3, 14/3], [14/3, -1/3]], [[-16/3, 14/3], [14/3, -1/3]], [[-16/3, 14/3], [14/3, -1/3]], [['x', 'x'], ['x', 'x']], [[-16/3, 14/3], [14/3, -1/3]]]"
12n_556,"[[[-6, 2], [2, -2]], [['x', 'x'], ['x', 'x']], [[-10/3, 2/3], [2/3, -4/3]], [['x', 'x'], ['x', 'x']], [[-6, 2], [2, -2]], [['x', 'x'], ['x', 'x']], [[-6, 2], [2, -2]], [[-6, 2], [2, -2]], [[-6, 2], [2, -2]], [['x', 'x'], ['x', 'x']], [[-26/3, 10/3], [10/3, -8/3]], [['x', 'x'], ['x', 'x']], [['x', 'x'], ['x', 'x']]]"
12n_564,"[[[54/11, 6/11], [6/11, 30/11]]]"
12n_565,"[[[-2/9, 10/9], [10/9, 4/9]], [[-22/3, 14/3], [14/3, -4/3]], [['x', 'x'], ['x', 'x']], [[-14/3, 10/3], [10/3, -2/3]]]"
12n_566,"[[[-6/11, 14/11], [14/11, 4/11]]]"
12n_567,"[[[0, 0], [0, 0]], [[4, -2], [-2, 1]], [[-4, 2], [2, -1]], [[4, -2], [-2, 1]]]"
12n_570,"[[[2, 2], [2, 2]], [[-2, 4], [4, 1]], [[-6, 6], [6, 0]], [[6, 0], [0, 3]]]"
12n_571,"[[[-4, 2], [2, -1]], [[8, -4], [-4, 2]], [[-4, 2], [2, -1]], [[0, 0], [0, 0]]]"
12n_572,"[[[4, 0], [0, 2]]]"
12n_573,"[[[6, -4], [-4, 1]]]"
12n_574,"[[[0, -6], [-6, -3]], [[-4, -4], [-4, -4]], [[0, -6], [-6, -3]], [[4, -8], [-8, -2]]]"
12n_575,"[[[-4, -4], [-4, -4]]]"
12n_576,"[[[-4, -4], [-4, -4]]]"
12n_577,"[[[-6, 0], [0, -3]]]"
12n_578,"[[[6, -4], [-4, 1]]]"
12n_579,"[[[34/7, -10/7], [-10/7, 12/7]]]"
12n_581,"[[[-6, -2], [-2, -4]], [[-2, -4], [-4, -3]], [[-6, -2], [-2, -4]], [[-2, -4], [-4, -3]]]"
12n_582,"[[[-8, 2], [2, -3]], [[-4, 0], [0, -2]], [[-4, 0], [0, -2]], [[0, -2], [-2, -1]]]"
12n_583,"[[[6, -4], [-4, 1]], [[2, -2], [-2, 0]], [[2, -2], [-2, 0]], [[6, -4], [-4, 1]]]"
12n_587,"[[[32, -16], [-16, 8]]]"
12n_597,"[[[2, -2], [-2, 0]]]"
12n_598,"[[[22/3, -14/3], [-14/3, 4/3]], [[14/3, -10/3], [-10/3, 2/3]], [[14/3, -10/3], [-10/3, 2/3]], [[-74/3, 34/3], [34/3, -20/3]]]"
12n_600,"[[[-2, -4], [-4, -3]], [[2, -6], [-6, -2]], [[-2, -4], [-4, -3]], [[-2, -4], [-4, -3]]]"
12n_601,"[[[-4, 0], [0, -2]], [[0, -2], [-2, -1]], [[-4, 0], [0, -2]], [[-4, 0], [0, -2]]]"
12n_602,"[[[6, -4], [-4, 1]], [[10, -6], [-6, 2]], [[6, -4], [-4, 1]], [[6, -4], [-4, 1]]]"
12n_603,"[[[20, -14], [-14, 3]]]"
12n_604,"[[[-2, 4], [4, 1]], [[-2, 4], [4, 1]], [[6, 0], [0, 3]], [[-2, 4], [4, 1]]]"
12n_605,"[[[0, 0], [0, 0]], [[-8, 4], [4, -2]], [[8, -4], [-4, 2]], [[0, 0], [0, 0]]]"
12n_611,"[[[14, -8], [-8, 3]]]"
12n_613,"[[[12/11, -6/11], [-6/11, 3/11]]]"
12n_615,"[[[-46/13, 10/13], [10/13, -18/13]]]"
12n_622,"[[[-2/3, -2/3], [-2/3, -2/3]], [['x', 'x'], ['x', 'x']], [[-10/3, 2/3], [2/3, -4/3]], [[-10/3, 2/3], [2/3, -4/3]]]"
12n_626,"[[[-12, 10], [10, -1]], [[0, 4], [4, 2]], [[-12, 10], [10, -1]], [[-4, 6], [6, 1]]]"
12n_627,"[[[-6, 2], [2, -2]]]"
12n_628,"[[[82/11, -30/11], [-30/11, 26/11]]]"
12n_629,"[[[24/5, -2/5], [-2/5, 11/5]]]"
12n_630,"[[[-6/5, -2/5], [-2/5, -4/5]]]"
12n_631,"[[[-46/13, 10/13], [10/13, -18/13]]]"
12n_632,"[[[32/13, 10/13], [10/13, 21/13]]]"
12n_636,"[[[-10/3, 2/3], [2/3, -4/3]], [[-10/3, 2/3], [2/3, -4/3]], [[-10/3, 2/3], [2/3, -4/3]], [[-10/3, 2/3], [2/3, -4/3]]]"
12n_637,"[[[0, -2], [-2, -1]], [[4, -4], [-4, 0]], [[-8, 2], [2, -3]], [[0, -2], [-2, -1]]]"
12n_638,"[[[6, -8], [-8, -1]]]"
12n_640,"[[[2, -6], [-6, -2]]]"
12n_641,"[[[0, 2], [2, 1]]]"
12n_642,"[[['x', 'x'], ['x', 'x']], [['x', 'x'], ['x', 'x']], [[20/3, 2/3], [2/3, 11/3]], [['x', 'x'], ['x', 'x']], [[4, 2], [2, 3]], [[20/3, 2/3], [2/3, 11/3]], [[20/3, 2/3], [2/3, 11/3]], [['x', 'x'], ['x', 'x']], [[20/3, 2/3], [2/3, 11/3]], [['x', 'x'], ['x', 'x']], [[20/3, 2/3], [2/3, 11/3]], [[20/3, 2/3], [2/3, 11/3]], [['x', 'x'], ['x', 'x']]]"
12n_653,"[[[-20, 6], [6, -7]]]"
12n_654,"[[[-22/3, 2/3], [2/3, -10/3]], [[-14/3, -2/3], [-2/3, -8/3]], [[-22/3, 2/3], [2/3, -10/3]], [[-14/3, -2/3], [-2/3, -8/3]]]"
12n_655,"[[[-14, 2], [2, -6]]]"
12n_656,"[[[16, -6], [-6, 5]]]"
12n_657,"[[[-6, 2], [2, -2]]]"
12n_660,"[[[-2, 6], [6, 2]]]"
12n_664,"[[[28/13, -14/13], [-14/13, 7/13]]]"
12n_665,"[[[16/7, 6/7], [6/7, 11/7]]]"
12n_666,"[[[-2, -2], [-2, -2]], [[6, -6], [-6, 0]], [[-2, -2], [-2, -2]], [[-2, -2], [-2, -2]]]"
12n_667,"[[[-2, -2], [-2, -2]]]"
12n_668,"[[[-2, -2], [-2, -2]]]"
12n_669,"[[[0, -2], [-2, -1]], [[-8, 2], [2, -3]], [[-8, 2], [2, -3]], [[0, -2], [-2, -1]]]"
12n_672,"[[[-8/11, 26/11], [26/11, 9/11]]]"
12n_674,"[[[0, -4], [-4, -2]]]"
12n_675,"[[[-2, 0], [0, -1]]]"
12n_676,"[[[8, -4], [-4, 2]]]"
12n_690,"[[[8, -4], [-4, 2]]]"
12n_697,"[[[10, -8], [-8, 1]]]"
12n_700,"[[[-16/5, 28/5], [28/5, 6/5]]]"
12n_701,"[[[14/3, 2/3], [2/3, 8/3]], [[22/3, -2/3], [-2/3, 10/3]], [[-22/3, 20/3], [20/3, -1/3]], [[22/3, -2/3], [-2/3, 10/3]]]"
12n_717,"[[[8, -2], [-2, 3]]]"
12n_726,"[[[-26, 10], [10, -8]]]"
12n_737,"[[[28/3, -20/3], [-20/3, 4/3]], [['x', 'x'], ['x', 'x']], [[8/3, -10/3], [-10/3, -1/3]], [['x', 'x'], ['x', 'x']]]"
12n_738,"[[[20, -14], [-14, 3]]]"
12n_740,"[[[28/5, -14/5], [-14/5, 7/5]]]"
12n_744,"[[[-18/5, -6/5], [-6/5, -12/5]]]"
12n_750,"[[[-4, -2], [-2, -3]]]"
12n_751,"[[[2, -2], [-2, 0]]]"
12n_752,"[[[0, -2], [-2, -1]]]"
12n_753,"[[[0, -4], [-4, -2]]]"
12n_754,"[[[2, -2], [-2, 0]]]"
12n_756,"[[[2, -2], [-2, 0]], [[6, -4], [-4, 1]], [[10, -6], [-6, 2]], [[10, -6], [-6, 2]]]"
12n_759,"[[[36/5, -28/5], [-28/5, 4/5]]]"
12n_762,"[[[0, -2], [-2, -1]]]"
12n_767,"[[[0, 2], [2, 1]]]"
12n_769,"[[[8, -2], [-2, 3]]]"
12n_770,"[[[4, -6], [-6, -1]]]"
12n_774,"[[[-4, 4], [4, 0]]]"
12n_779,"[[[4, -4], [-4, 0]]]"
12n_780,"[[[-2, 0], [0, -1]]]"
12n_781,"[[[10, -6], [-6, 2]]]"
12n_782,"[[[4, -2], [-2, 1]]]"
12n_784,"[[[18, -10], [-10, 4]]]"
12n_791,"[[[-10, 2], [2, -4]]]"
12n_799,"[[[-16, 6], [6, -5]]]"
12n_803,"[[[6, -6], [-6, 0]]]"
12n_806,"[[[22/3, -26/3], [-26/3, -2/3]], [[22/3, -26/3], [-26/3, -2/3]], [['x', 'x'], ['x', 'x']], [['x', 'x'], ['x', 'x']]]"
12n_807,"[[[-4, -2], [-2, -3]]]"
12n_809,"[[[2, -3], [-3, -1/2]]]"
12n_811,"[[[-6, 0], [0, -3]]]"
12n_812,"[[[-2, 0], [0, -1]]]"
12n_813,"[[[-2, 2], [2, 0]], [[2, 0], [0, 1]], [[-2, 2], [2, 0]], [[-2, 2], [2, 0]]]"
12n_823,"[[[18, -6], [-6, 6]]]"
12n_825,"[[[-16, 6], [6, -5]]]"
12n_826,"[[[-16, 6], [6, -5]]]"
